system:index,area_km2,transition,.geo
0,0.006248685363769531,0,"{""type"":""MultiPoint"",""coordinates"":[]}"
1,0.26874625048828127,3,"{""type"":""MultiPoint"",""coordinates"":[]}"
2,0.24552453088378906,6,"{""type"":""MultiPoint"",""coordinates"":[]}"
3,0.0357071123046875,11,"{""type"":""MultiPoint"",""coordinates"":[]}"
4,8.919989013671875E-4,12,"{""type"":""MultiPoint"",""coordinates"":[]}"
5,0.7773307579956055,15,"{""type"":""MultiPoint"",""coordinates"":[]}"
6,0.011609297607421874,24,"{""type"":""MultiPoint"",""coordinates"":[]}"
7,0.011541179719812729,25,"{""type"":""MultiPoint"",""coordinates"":[]}"
8,0.051782877807617186,33,"{""type"":""MultiPoint"",""coordinates"":[]}"
9,0.33483875622558595,39,"{""type"":""MultiPoint"",""coordinates"":[]}"
10,0.09283542468261718,41,"{""type"":""MultiPoint"",""coordinates"":[]}"
11,0.5257808106689453,300,"{""type"":""MultiPoint"",""coordinates"":[]}"
12,11089.66184868609,303,"{""type"":""MultiPoint"",""coordinates"":[]}"
13,0.0017838475341796875,304,"{""type"":""MultiPoint"",""coordinates"":[]}"
14,3.636315488952637,306,"{""type"":""MultiPoint"",""coordinates"":[]}"
15,0.3668376905517578,311,"{""type"":""MultiPoint"",""coordinates"":[]}"
16,0.20524292645263673,312,"{""type"":""MultiPoint"",""coordinates"":[]}"
17,3660.3547543738205,315,"{""type"":""MultiPoint"",""coordinates"":[]}"
18,6.2871560942344535,324,"{""type"":""MultiPoint"",""coordinates"":[]}"
19,7.63922121068929,325,"{""type"":""MultiPoint"",""coordinates"":[]}"
20,3.0839604180297853,333,"{""type"":""MultiPoint"",""coordinates"":[]}"
21,657.6162218343148,339,"{""type"":""MultiPoint"",""coordinates"":[]}"
22,155.92618239968098,341,"{""type"":""MultiPoint"",""coordinates"":[]}"
23,0.017836906127929687,415,"{""type"":""MultiPoint"",""coordinates"":[]}"
24,0.08390930493164063,600,"{""type"":""MultiPoint"",""coordinates"":[]}"
25,0.7462215390625,603,"{""type"":""MultiPoint"",""coordinates"":[]}"
26,146.4553302614435,606,"{""type"":""MultiPoint"",""coordinates"":[]}"
27,1.1878884456011605,611,"{""type"":""MultiPoint"",""coordinates"":[]}"
28,32.70062889631396,615,"{""type"":""MultiPoint"",""coordinates"":[]}"
29,0.1731833482055664,625,"{""type"":""MultiPoint"",""coordinates"":[]}"
30,4.1675452500610355,633,"{""type"":""MultiPoint"",""coordinates"":[]}"
31,5.342728111694336,639,"{""type"":""MultiPoint"",""coordinates"":[]}"
32,3.0129470337524413,641,"{""type"":""MultiPoint"",""coordinates"":[]}"
33,0.006250185974121094,1100,"{""type"":""MultiPoint"",""coordinates"":[]}"
34,0.10801925714111328,1103,"{""type"":""MultiPoint"",""coordinates"":[]}"
35,0.9186830433064779,1106,"{""type"":""MultiPoint"",""coordinates"":[]}"
36,2.1654303255215512,1111,"{""type"":""MultiPoint"",""coordinates"":[]}"
37,0.02409789147949219,1112,"{""type"":""MultiPoint"",""coordinates"":[]}"
38,1.6610861855073817,1115,"{""type"":""MultiPoint"",""coordinates"":[]}"
39,0.006245538940429687,1125,"{""type"":""MultiPoint"",""coordinates"":[]}"
40,0.7326042962215648,1133,"{""type"":""MultiPoint"",""coordinates"":[]}"
41,0.9979405348024855,1139,"{""type"":""MultiPoint"",""coordinates"":[]}"
42,0.19550832806396484,1141,"{""type"":""MultiPoint"",""coordinates"":[]}"
43,0.007143414428710937,1200,"{""type"":""MultiPoint"",""coordinates"":[]}"
44,0.02231532373046875,1203,"{""type"":""MultiPoint"",""coordinates"":[]}"
45,0.01517565692138672,1206,"{""type"":""MultiPoint"",""coordinates"":[]}"
46,0.021411152282714844,1211,"{""type"":""MultiPoint"",""coordinates"":[]}"
47,1.617974308962115,1212,"{""type"":""MultiPoint"",""coordinates"":[]}"
48,2.5142542247924804,1215,"{""type"":""MultiPoint"",""coordinates"":[]}"
49,0.37146680499267576,1224,"{""type"":""MultiPoint"",""coordinates"":[]}"
50,0.07854673303222656,1225,"{""type"":""MultiPoint"",""coordinates"":[]}"
51,0.16060078845214842,1233,"{""type"":""MultiPoint"",""coordinates"":[]}"
52,5.859089525498573,1239,"{""type"":""MultiPoint"",""coordinates"":[]}"
53,0.7427101558837891,1241,"{""type"":""MultiPoint"",""coordinates"":[]}"
54,0.08482544982910156,1500,"{""type"":""MultiPoint"",""coordinates"":[]}"
55,99.4550427106407,1503,"{""type"":""MultiPoint"",""coordinates"":[]}"
56,8.39088430818709,1506,"{""type"":""MultiPoint"",""coordinates"":[]}"
57,0.4624544017944336,1511,"{""type"":""MultiPoint"",""coordinates"":[]}"
58,0.15532541455078125,1512,"{""type"":""MultiPoint"",""coordinates"":[]}"
59,273.179593470593,1515,"{""type"":""MultiPoint"",""coordinates"":[]}"
60,5.884753925000238,1524,"{""type"":""MultiPoint"",""coordinates"":[]}"
61,2.6351775289522057,1525,"{""type"":""MultiPoint"",""coordinates"":[]}"
62,1.262354548828125,1533,"{""type"":""MultiPoint"",""coordinates"":[]}"
63,176.46732961839493,1539,"{""type"":""MultiPoint"",""coordinates"":[]}"
64,35.68446899448602,1541,"{""type"":""MultiPoint"",""coordinates"":[]}"
65,8.919784545898437E-4,2415,"{""type"":""MultiPoint"",""coordinates"":[]}"
66,3.1577031623535157,2424,"{""type"":""MultiPoint"",""coordinates"":[]}"
67,0.007142265686035156,2425,"{""type"":""MultiPoint"",""coordinates"":[]}"
68,8.929273681640625E-4,2433,"{""type"":""MultiPoint"",""coordinates"":[]}"
69,0.08297617559814453,2503,"{""type"":""MultiPoint"",""coordinates"":[]}"
70,0.0017838469848632812,2506,"{""type"":""MultiPoint"",""coordinates"":[]}"
71,0.0017851314086914062,2512,"{""type"":""MultiPoint"",""coordinates"":[]}"
72,1.713223785347254,2515,"{""type"":""MultiPoint"",""coordinates"":[]}"
73,1.216157910953776,2524,"{""type"":""MultiPoint"",""coordinates"":[]}"
74,3.856641639614449,2525,"{""type"":""MultiPoint"",""coordinates"":[]}"
75,0.00267676171875,2533,"{""type"":""MultiPoint"",""coordinates"":[]}"
76,0.651687733452292,2539,"{""type"":""MultiPoint"",""coordinates"":[]}"
77,0.42292850305175783,2541,"{""type"":""MultiPoint"",""coordinates"":[]}"
78,0.02321143389892578,3300,"{""type"":""MultiPoint"",""coordinates"":[]}"
79,1.5953877139892578,3303,"{""type"":""MultiPoint"",""coordinates"":[]}"
80,3.3068508975657744,3306,"{""type"":""MultiPoint"",""coordinates"":[]}"
81,3.3631711231526693,3311,"{""type"":""MultiPoint"",""coordinates"":[]}"
82,0.014283817687988282,3312,"{""type"":""MultiPoint"",""coordinates"":[]}"
83,1.1320276451416016,3315,"{""type"":""MultiPoint"",""coordinates"":[]}"
84,0.008035449401855469,3324,"{""type"":""MultiPoint"",""coordinates"":[]}"
85,0.06964157415771484,3325,"{""type"":""MultiPoint"",""coordinates"":[]}"
86,83.59716475024821,3333,"{""type"":""MultiPoint"",""coordinates"":[]}"
87,0.03392775323486328,3339,"{""type"":""MultiPoint"",""coordinates"":[]}"
88,0.040176519958496096,3341,"{""type"":""MultiPoint"",""coordinates"":[]}"
